Security Code,Issuer Name,Security Id,Security Name,Status,Group,Face Value,ISIN No,Instrument
100002,ABB India Limited,ABB#,ABB Ltd.,Active,A ,2.00,INE117A01022,Equity,,,,,
100003,Aegis Logistics Ltd.,AEGISLOG#,Aegis Logistics Ltd.,Active,A ,1.00,INE208C01025,Equity,,,,,
100008,Amara Raja Energy & Mobility Limited,ARE&M#,Amara Raja Energy & Mobility Limited,Active,A ,1.00,INE885A01032,Equity,,,,,
100027,Atul Limited.,ATUL#,ATUL LTD.,Active,A ,10.00,INE100A01010,Equity,,,,,
100034,Bajaj Finance Limited,BAJFINANCE#,BAJAJ AUTO F,Active,A ,1.00,INE296A01032,Equity,,,,,
100038,Balrampur Chini Mills Ltd.,BALRAMCHIN#,Balrampur Chini Mills Ltd.,Active,A ,1.00,INE119A01028,Equity,,,,,
100040,ADITYA BIRLA REAL ESTATE LIMITED,ABREL#,ADITYA BIRLA REAL ESTATE LIMITED,Active,A ,10.00,INE055A01016,Equity,,,,,
100042,BASF India Ltd,BASF#,BASF INDIA,Active,A ,10.00,INE373A01013,Equity,,,,,
100043,Bata India Limited,BATAINDIA#,BATA INDI LT,Active,A ,5.00,INE176A01028,Equity,,,,,
100048,BEML Ltd,BEML#,BEML LTD,Active,A ,5.00,INE258A01024,Equity,,,,,
100049,Bharat Electronics Ltd.,BEL#,BHARAT ELECT,Active,A ,1.00,INE263A01024,Equity,,,,,
100067,Blue Star Ltd,BLUESTARCO#,Blue Star Ltd,Active,A ,2.00,INE472A01039,Equity,,,,,
100084,CESC Limited,CESC#,CESC LTD,Active,A ,1.00,INE486A01021,Equity,,,,,
100085,Chambal Fertilisers & Chemicals Ltd,CHAMBLFERT#,CHAMBAL FERT,Active,A ,10.00,INE085A01013,Equity,,,,,
100086,Exide Industries Ltd.,EXIDEIND#,Exide Industries Ltd.,Active,A ,1.00,INE302A01020,Equity,,,,,
100087,Cipla Ltd.,CIPLA#,"Cipla Ltd.,",Active,A ,2.00,INE059A01026,Equity,,,,,
100092,CRISIL Ltd.,CRISIL#,CRISIL Ltd.,Active,A ,1.00,INE007A01025,Equity,,,,,
100093,CG Power and Industrial Solutions Limited,CGPOWER#,CG Power and Industrial Solutions Limited,Active,A ,2.00,INE067A01029,Equity,,,,,
100096,Dabur India Ltd.,DABUR#,DABUR INDIA,Active,A ,1.00,INE016A01026,Equity,,,,,
100101,Arvind Ltd.,ARVIND#,ARVIND Ltd,Active,A ,10.00,INE034A01011,Equity,,,,,
100103,Bharat Heavy Electricals Ltd.,BHEL#,"Bharat Heavy Electricals Ltd.,",Active,A ,2.00,INE257A01026,Equity,,,,,
100104,Hindustan Petroleum Corporation Ltd,HINDPETRO#,HINDUSTAN PE,Active,A ,10.00,INE094A01015,Equity,,,,,
100106,IFCI Ltd.,IFCI#,IFCI LTD,Active,A ,10.00,INE039A01010,Equity,,,,,
100109,Mangalore Refinery & Petrochemicals,MRPL#,MANGALORE RE,Active,A ,10.00,INE103A01014,Equity,,,,,
100112,State Bank Of India,SBIN#,"State Bank Of India,",Active,A ,1.00,INE062A01020,Equity,,,,,
100113,Steel Authority of India Ltd.,SAIL#,STEEL AUTHOR,Active,A ,10.00,INE114A01011,Equity,,,,,
100114,Titan Company Limited,TITAN#,Titan Company Limited,Active,A ,1.00,INE280A01028,Equity,,,,,
100116,IDBI Bank Ltd,IDBI#,IDBI LTD,Active,A ,10.00,INE008A01015,Equity,,,,,
100124,Dr. Reddy's Laboratories Ltd.,DRREDDY#,DR.REDDY'S L,Active,A ,1.00,INE089A01031,Equity,,,,,
100125,E.I.D. Parry (India) Ltd.,EIDPARRY#,"E.I.D. Parry (India) Ltd.,",Active,A ,1.00,INE126A01031,Equity,,,,,
100144,Finolex Cables Ltd.,FINCABLES#,"Finolex Cables Ltd.,",Active,A ,2.00,INE235A01022,Equity,,,,,
100163,Godfrey Phillips India Ltd.,GODFRYPHLP#,Godfrey Phillips India Ltd.,Active,A ,2.00,INE260B01028,Equity,,,,,
100164,Godrej Industries Ltd.,GODREJIND#,Godrej Industries Ltd.,Active,A ,1.00,INE233A01035,Equity,,,,,
100165,Kansai Nerolac Paints,KANSAINER#,Kansai Nerolac Paints,Active,A ,1.00,INE531A01024,Equity,,,,,
100180,HDFC Bank Ltd.,HDFCBANK#,HDFC Bank Ltd.,Active,A ,1.00,INE040A01034,Equity,,,,,
100182,Hero MotoCorp Limited,HEROMOTOCO#,Hero Motocorp Limited,Active,A ,2.00,INE158A01026,Equity,,,,,
100183,HFCL LIMITED,HFCL#,HFCL LIMITED,Active,A ,1.00,INE548A01028,Equity,,,,,
100184,Himadri Speciality Chemical Ltd.,HSCL#,Himadri Speciality Chemical Ltd.,Active,A ,1.00,INE019C01026,Equity,,,,,
100188,Hindustan Zinc Ltd.,HINDZINC#,"Hindustan Zinc Ltd.,",Active,A ,2.00,INE267A01025,Equity,,,,,
100209,Infosys Ltd,INFY#,Infosys Ltd,Active,A ,5.00,INE009A01021,Equity,,,,,
100210,Ingersoll-Rand (India) Ltd.,INGERRAND#,INGERSOL RND,Active,A ,10.00,INE177A01018,Equity,,,,,
100228,JSW Steel Limited,JSWSTEEL#,JSW SL,Active,A ,1.00,INE019A01038,Equity,,,,,
100233,Kajaria Ceramics Ltd,KAJARIACER#,Kajaria Ceramics Ltd,Active,A ,1.00,INE217B01036,Equity,,,,,
100238,Whirlpool of India Ltd,WHIRLPOOL#,Whirlpool of India Ltd,Active,A ,10.00,INE716A01013,Equity,,,,,
100241,Kirloskar Brothers Ltd.,KIRLOSBROS#,"Kirloskar Brothers Ltd.,",Active,A ,2.00,INE732A01036,Equity,,,,,
100247,Kotak Mahindra Bank Ltd.,KOTAKBANK#,Kotak Mahindra Bank Ltd.,Active,A ,5.00,INE237A01028,Equity,,,,,
100249,KSB LIMITED,KSB#,KSB LIMITED,Active,A ,2.00,INE999A01023,Equity,,,,,
100251,Trent Ltd [Lakme Ltd],TRENT#,TRENT,Active,A ,1.00,INE849A01020,Equity,,,,,
100252,LMW Limited,LMW#,LMW Limited,Active,A ,10.00,INE269B01029,Equity,,,,,
100253,Lic Housing Finance Ltd.,LICHSGFIN#,Lic Housing Finance Ltd.,Active,A ,2.00,INE115A01026,Equity,,,,,
100257,Lupin Ltd,LUPIN#,Lupin Ltd,Active,A ,2.00,INE326A01037,Equity,,,,,
100260,The Ramco Cements Limited,RAMCOCEM#,The Ramco Cements Limited,Active,A ,1.00,INE331A01037,Equity,,,,,
100266,Maharashtra Scooters Ltd.,MAHSCOOTER#,"Maharashtra Scooters Ltd.,",Active,A ,10.00,INE288A01013,Equity,,,,,
100271,Max Financial Services Limited,MFSL#,Max Financial Services Limited,Active,A ,2.00,INE180A01020,Equity,,,,,
100290,M.R.F. Ltd.,MRF#,M.R.F LTD,Active,A ,10.00,INE883A01011,Equity,,,,,
100294,NCC Limited,NCC#,"Nagarjuna Construction Co. Ltd.,",Active,A ,2.00,INE868B01028,Equity,,,,,
100295,Vedanta Limited,VEDL#,Vedanta Limited,Active,A ,1.00,INE205A01025,Equity,,,,,
100300,Grasim Industries Ltd,GRASIM#,GRASIM INDUS,Active,A ,2.00,INE047A01021,Equity,,,,,
100312,Oil And Natural Gas Corporation Ltd,ONGC#,Oil And Natural Gas Corporation Ltd,Active,A ,5.00,INE213A01029,Equity,,,,,
100325,Reliance Industries Ltd,RELIANCE#,Reliance Industries Ltd,Active,A ,10.00,INE002A01018,Equity,,,,,
100330,Raymond Limited,RAYMOND#,RAYMOND LTD,Active,A ,10.00,INE301A01014,Equity,,,,,
100331,Pidilite Industries Ltd.,PIDILITIND#,Pidilite Industries Ltd.,Active,A ,1.00,INE318A01026,Equity,,,,,
100368,Patanjali Foods Limited,PATANJALI#,Patanjali Foods Limited,Active,A ,2.00,INE619A01035,Equity,,,,,
100378,Jindal Saw Ltd.,JINDALSAW#,Jindal Saw Ltd.,Active,A ,1.00,INE324A01032,Equity,,,,,
100387,Shree Cements Ltd.,SHREECEM#,SHREE CEMENT,Active,A ,10.00,INE070A01015,Equity,,,,,
100400,Tata Power Co. Ltd,TATAPOWER#,Tata Power Co. Ltd,Active,A ,1.00,INE245A01021,Equity,,,,,
100403,Sundram Fasteners Ltd.,SUNDRMFAST#,Sundram Fasteners Ltd.,Active,A ,1.00,INE387A01021,Equity,,,,,
100405,Supreme Petrochem Ltd.,SPLPETRO#,Supreme Petrochem Ltd.,Active,A ,2.00,INE663A01033,Equity,,,,,
100408,Tata Elxsi Ltd,TATAELXSI#,TATA ELXSI,Active,A ,10.00,INE670A01012,Equity,,,,,
100410,ACC Ltd,ACC#,ACC,Active,A ,10.00,INE012A01025,Equity,,,,,
100411,Thermax Ltd.,THERMAX#,Thermax Ltd.,Active,A ,2.00,INE152A01029,Equity,,,,,
100420,Torrent Pharmaceuticals Ltd.,TORNTPHARM#,Torrent Pharmaceuticals Ltd.,Active,A ,5.00,INE685A01028,Equity,,,,,
100425,Ambuja Cements Ltd.,AMBUJACEM#,Ambuja Cements Ltd.,Active,A ,2.00,INE079A01024,Equity,,,,,
100440,Hindalco Industries Ltd.,HINDALCO#,Hindalco Industries Ltd.,Active,A ,1.00,INE038A01020,Equity,,,,,
100459,Procter & Gamble Hygiene & Health Care Ltd.,PGHH#,Procter & Gamble Hygiene & Health Care L,Active,A ,10.00,INE179A01014,Equity,,,,,
100463,BLACK BOX LIMITED,BBOX#,BLACK BOX LIMITED,Active,B ,2.00,INE676A01027,Equity,,,,,
100469,Federal Bank Ltd.,FEDERALBNK#,Federal Bank Ltd.,Active,A ,2.00,INE171A01029,Equity,,,,,
100470,TATA STEEL LIMITED,TATASTEEL#,TATA IORN AN,Active,A ,1.00,INE081A01020,Equity,,,,,
100472,SKF India Ltd.,SKFINDIA#,SKF INDIA,Active,A ,10.00,INE640A01023,Equity,,,,,
100477,Ashok Leyland Ltd.,ASHOKLEY#,ASHOK LEYLND,Active,A ,1.00,INE208A01029,Equity,,,,,
100480,Cummins India Ltd.,CUMMINSIND#,CUMMINS INDI,Active,A ,2.00,INE298A01020,Equity,,,,,
100483,Tata Communications Limited,TATACOMM#,TATA COMM,Active,A ,10.00,INE151A01013,Equity,,,,,
100490,Bajaj Holdings & Investment Limited,BAJAJHLDNG#,BAJ HOLD INV,Active,A ,10.00,INE118A01012,Equity,,,,,
100493,Bharat Forge Ltd,BHARATFORG#,Bharat Forge Ltd,Active,A ,2.00,INE465A01025,Equity,,,,,
100495,Escorts Kubota Limited,ESCORTS#,Escorts Kubota Limited,Active,A ,10.00,INE042A01014,Equity,,,,,
100510,Larsen & Toubro Limited,LT#,LARSEN & TOU,Active,A ,2.00,INE018A01030,Equity,,,,,
100520,Mahindra & Mahindra Ltd.,M&M#,Mahindra & Mahindra Ltd.,Active,A ,5.00,INE101A01026,Equity,,,,,
100530,Bosch Ltd,BOSCHLTD#,BOSCH LTD,Active,A ,10.00,INE323A01026,Equity,,,,,
100547,Bharat Petroleum Corpn. Ltd.,BPCL#,BHARAT PETRO,Active,A ,10.00,INE029A01011,Equity,,,,,
100550,Siemens Ltd.,SIEMENS#,"Siemens Ltd.,",Active,A ,2.00,INE003A01024,Equity,,,,,
100570,TATA MOTORS PASSENGER VEHICLES LIMITED,TMPV#,TATA MOTORS PASSENGER VEHICLES LIMITED,Active,A ,2.00,INE155A01022,Equity,,,,,
100575,Voltas Ltd.,VOLTAS#,"Voltas Ltd.,",Active,A ,1.00,INE226A01021,Equity,,,,,
100620,Great Eastern Shipping Co. Ltd.,GESHIP#,"Great Eastern Shipping Co. Ltd.,",Active,A ,10.00,INE017A01032,Equity,,,,,
100645,Deepak Fertilizers &Petrochemicals,DEEPAKFERT#,DEEPAK FERT,Active,A ,10.00,INE501A01019,Equity,,,,,
100655,GARWARE HI-TECH FILMS LIMITED,GRWRHITECH#,GARWARE HI-TECH FILMS LIMITED,Active,A ,10.00,INE291A01017,Equity,,,,,
100660,GlaxoSmithkline Pharmaceuticals Ltd.,GLAXO#,GlaxoSmithkline Pharmaceuticals Ltd.,Active,A ,10.00,INE159A01016,Equity,,,,,
100674,Sanofi India Ltd,SANOFI#,Sanofi India Ltd,Active,A ,10.00,INE058A01010,Equity,,,,,
100680,Pfizer Ltd.,PFIZER#,PFIZER LTD.,Active,A ,10.00,INE182A01018,Equity,,,,,
100696,Hindustan Unilever Ltd.,HINDUNILVR#,"Hindustan Unilever Ltd.,",Active,A ,1.00,INE030A01027,Equity,,,,,
100710,Akzo Nobel India Limited,AKZOINDIA#,Akzo Nobel India Limited,Active,A ,10.00,INE133A01011,Equity,,,,,
100770,Tata Chemicals Ltd,TATACHEM#,TATA CHEMICA,Active,A ,10.00,INE092A01019,Equity,,,,,
100790,Nestle India Ltd.,NESTLEIND#,NESTLE LTD,Active,A ,1.00,INE239A01024,Equity,,,,,
100800,TATA CONSUMER PRODUCTS LIMITED,TATACONSUM#,TATA CONSUMER PRODUCTS LIMITED,Active,A ,1.00,INE192A01025,Equity,,,,,
100820,Asian Paints Ltd.,ASIANPAINT#,Asian Paints Ltd.,Active,A ,1.00,INE021A01026,Equity,,,,,
100825,Britannia Industries Ltd.,BRITANNIA#,"Britannia Industries Ltd.,",Active,A ,1.00,INE216A01030,Equity,,,,,
100830,Colgate-Palmolive (India) Ltd.,COLPAL#,"Colgate-Palmolive (India) Ltd.,",Active,A ,1.00,INE259A01022,Equity,,,,,
100840,EIH Ltd,EIHOTEL#,EIH Ltd,Active,A ,2.00,INE230A01023,Equity,,,,,
100850,Indian Hotels Co. Ltd,INDHOTEL#,Indian Hotels Co. Ltd,Active,A ,1.00,INE053A01029,Equity,,,,,
100870,Castrol India Ltd,CASTROLIND#,Castrol India Ltd,Active,A ,5.00,INE172A01027,Equity,,,,,
100875,ITC Ltd,ITC#,ITC Ltd,Active,A ,1.00,INE154A01025,Equity,,,,,
100877,Apollo Tyres Ltd,APOLLOTYRE#,Apollo Tyres Ltd,Active,A ,1.00,INE438A01022,Equity,,,,,
100878,Ceat Ltd.,CEATLTD#,"Ceat Ltd.,",Active,A ,10.00,INE482A01020,Equity,,,,,
100940,Finolex Industries Ltd.,FINPIPE#,FINOLEX IND,Active,A ,2.00,INE183A01024,Equity,,,,,
101301,Tata Investment Corporation Ltd.,TATAINVEST#,TATA INV COR,Active,A ,1.00,INE672A01026,Equity,,,,,
101425,The Bombay Burmah Trading Corporation Ltd.,BBTC#,"Bombay Burmah Trading Corpn. Ltd.,",Active,A ,2.00,INE050A01025,Equity,,,,,
102355,Balkrishna Industries Ltd.,BALKRISIND#,"Balkrishna Industries Ltd.,",Active,A ,2.00,INE787D01026,Equity,,,,,
102986,Vardhman Textiles Limted,VTL#,Vardhman Textiles Limted,Active,A ,2.00,INE825A01020,Equity,,,,,
103100,The Phoenix Mills Ltd.,PHOENIXLTD#,"Phoenix Mills Ltd.,",Active,A ,2.00,INE211B01039,Equity,,,,,
103310,Swan Corp Limited,SWANENERGY#,Swan Energy Ltd.,Active,A ,1.00,INE665A01038,Equity,,,,,
103806,SRF Ltd.,SRF#,"SRF Ltd.,",Active,A ,10.00,INE647A01010,Equity,,,,,
104067,Zensar Technologies Ltd.,ZENSARTECH#,ZENSAR TECH,Active,A ,2.00,INE520A01027,Equity,,,,,
104614,Sarda Energy & Minerals Ltd,SARDAEN#,SARDA ENMIN,Active,A ,1.00,INE385C01021,Equity,,,,,
104973,CHOLAMANDALAM FINANCIAL HOLDINGS LIMITED,CHOLAHLDNG#,CHOLAMANDALAM FINANCIAL HOLDINGS LIMIT,Active,A ,1.00,INE149A01033,Equity,,,,,
105200,Eicher Motors Ltd.,EICHERMOT#,Eicher Motors Ltd.,Active,A ,1.00,INE066A01021,Equity,,,,,
105283,Kirloskar Pneumatic Co.Ltd.,KIRLPNU#,Kirloskar Pnuematic Co. Ltd.,Active,A ,2.00,INE811A01020,Equity,,,,,
105533,WESTLIFE FOODWORLD LIMITED,WESTLIFE#,WESTLIFE FOODWORLD LIMITED,Active,A ,2.00,INE274F01020,Equity,,,,,
105537,Zee Entertainment Enterprises Ltd.,ZEEL#,ZEE ENTER,Active,A ,1.00,INE256A01028,Equity,,,,,
105700,Elecon Engineering Co.Ltd.,ELECON#,"Elecon Engineering Co.Ltd.,",Active,A ,1.00,INE205B01031,Equity,,,,,
105790,Schaeffler India Limited,SCHAEFFLER#,Schaeffler India Limited,Active,A ,2.00,INE513A01022,Equity,,,,,
106076,Grindwell Norton Ltd.,GRINDWELL#,Grindwell Norton Ltd.,Active,A ,5.00,INE536A01023,Equity,,,,,
106395,Coromandel International Limited,COROMANDEL#,Coromandel International Limited,Active,A ,1.00,INE169A01031,Equity,,,,,
106401,Deepak Nitrite Limited,DEEPAKNTR#,Deepak Nitrite Limited,Active,A ,2.00,INE288B01029,Equity,,,,,
106590,PCBL Chemical Limited,PCBL#,PCBL Chemical Limited,Active,A ,1.00,INE602A01031,Equity,,,,,
106820,AstraZeneca Pharma India Ltd.,ASTRAZEN#,AstraZeneca Pharma India Ltd.,Active,A ,2.00,INE203A01020,Equity,,,,,
106943,J.B. Chemicals & Pharmaceuticals Lt,JBCHEPHARM#,J.B. Chemicals & Pharmaceuticals Lt,Active,A ,1.00,INE572A01036,Equity,,,,,
107685,Wipro  Ltd.,WIPRO#,WIPRO LTD.,Active,A ,2.00,INE075A01022,Equity,,,,,
107815,Gillette India Ltd.,GILLETTE#,GILLETTE IND,Active,A ,10.00,INE322A01010,Equity,,,,,
108869,Apollo Hospitals Enterprises Ltd.,APOLLOHOSP#,"Apollo Hospitals Enterprises Ltd.,",Active,A ,5.00,INE437A01024,Equity,,,,,
109480,Berger Paints India Ltd,BERGEPAINT#,Berger Paints India Ltd,Active,A ,1.00,INE463A01038,Equity,,,,,
109488,Graphite India Ltd.,GRAPHITE#,Graphite India Ltd.,Active,A ,2.00,INE371A01025,Equity,,,,,
109930,Supreme Industries Ltd.,SUPREMEIND#,"Supreme Industries Ltd.,",Active,A ,2.00,INE195A01028,Equity,,,,,
111196,Can Fin Homes Ltd.,CANFINHOME#,CANFIN HOME,Active,A ,2.00,INE477A01020,Equity,,,,,
111218,Shriram Finance Limited,SHRIRAMFIN#,Shriram Finance Limited,Active,A ,2.00,INE721A01047,Equity,,,,,
111243,Cholamandalam Investment and Finance Company Ltd,CHOLAFIN#,CHOL INV FN,Active,A ,2.00,INE121A01024,Equity,,,,,
112070,UPL Limited,UPL#,UPL Limited,Active,A ,2.00,INE628A01036,Equity,,,,,
112455,Lloyds Metals and Energy Limited,LLOYDSME#,Lloyds Metals and Energy Limited,Active,A ,1.00,INE281B01032,Equity,,,,,
112599,Adani Enterprises Ltd.,ADANIENT#,ADANI ENTER,Active,A ,1.00,INE423A01024,Equity,,,,,
113023,NAVA LIMITED,NAVA#,NAVA LIMITED,Active,A ,1.00,INE725A01030,Equity,,,,,
113375,Carborundum Universal Ltd.,CARBORUNIV#,Carborundum Universal Ltd.,Active,A ,1.00,INE120A01034,Equity,,,,,
113377,MMTC Ltd.,MMTC#,"MMTC Ltd.,",Active,A ,1.00,INE123F01029,Equity,,,,,
113599,Hindustan Copper Ltd.,HINDCOPPER#,Hindustan Copper Ltd.,Active,A ,5.00,INE531E01026,Equity,,,,,
113683,NLC India Limited,NLCINDIA#,NLC India Limited,Active,A ,10.00,INE589A01014,Equity,,,,,
114162,WELSPUN LIVING LIMITED,WELSPUNLIV#,WELSPUN LIVING LIMITED,Active,A ,1.00,INE192B01031,Equity,,,,,
115030,Asahi India Glass Ltd.,ASAHIINDIA#,ASAHI INDIA,Active,A ,1.00,INE439A01020,Equity,,,,,
115055,Anant Raj Limited,ANANTRAJ#,Anant Raj Limited,Active,A ,2.00,INE242C01024,Equity,,,,,
117146,Usha Martin Ltd.,USHAMART#,Usha Martin Ltd.,Active,A ,1.00,INE228A01035,Equity,,,,,
117174,Honeywell Automation India Ltd.,HONAUT#,HONEYWEL AUT,Active,A ,10.00,INE671A01010,Equity,,,,,
117271,HBL ENGINEERING LIMITED,HBLENGINE#,HBL ENGINEERING LIMITED,Active,A ,1.00,INE292B01021,Equity,,,,,
117334,Samvardhana Motherson International Limited,MOTHERSON#,Samvardhana Motherson International Limited,Active,A ,1.00,INE775A01035,Equity,,,,,
117354,Havells India Limited,HAVELLS#,Havells India Limited,Active,A ,1.00,INE176B01034,Equity,,,,,
117506,TTK Prestige Ltd.,TTKPRESTIG#,TTK PRESTIG,Active,A ,1.00,INE690A01028,Equity,,,,,
117569,KEI Industries Ltd.,KEI#,KEI Industries Ltd.,Active,A ,2.00,INE878B01027,Equity,,,,,
119600,CCL Products (India) Ltd.,CCL#,CCL Products (India) Ltd.,Active,A ,2.00,INE421D01022,Equity,,,,,
120056,TVS Holdings Limited,TVSHLTD#,TVS Holdings Limited,Active,A ,5.00,INE105A01035,Equity,,,,,
120111,Ratnamani Metals & Tubes Ltd,RATNAMANI#,Ratnamani Metals & Tubes Ltd,Active,A ,2.00,INE703B01027,Equity,,,,,
121064,Trident Ltd,TRIDENT#,Trident Ltd.,Active,A ,1.00,INE064C01022,Equity,,,,,
121070,Alok Industries Ltd.,ALOKINDS#,ALOK INDUSTR,Active,A ,1.00,INE270A01029,Equity,,,,,
122074,Elgi Equipments Ltd.,ELGIEQUIP#,ELGI EQUIP,Active,A ,1.00,INE285A01027,Equity,,,,,
122113,Timken India Ltd,TIMKEN#,TIMKEM LT,Active,A ,10.00,INE325A01013,Equity,,,,,
122205,Praj Industries Ltd.,PRAJIND#,Praj Industries Ltd.,Active,A ,2.00,INE074A01025,Equity,,,,,
122275,GE Vernova T&D India Limited,GVTD#,GE Vernova T&D India Limited,Active,A ,2.00,INE200A01026,Equity,,,,,
122287,KALPATARU PROJECTS INTERNATIONAL LIMITED,KPIL#,KALPATARU PROJECTS INTERNATIONAL LIMITED,Active,A ,2.00,INE220B01022,Equity,,,,,
123025,Safari Industries (India) Ltd.,SAFARI#,"Safari Industries (India) Ltd.,",Active,A ,2.00,INE429E01023,Equity,,,,,
123367,DCM Shriram Limited,DCMSHRIRAM#,DCM Shriram Limited,Active,A ,2.00,INE499A01024,Equity,,,,,
123395,3M India Ltd.,3MINDIA#,3M INDIA LTD,Active,A ,10.00,INE470A01017,Equity,,,,,
123405,JM Financial Limited,JMFINANCIL#,JM Financial Limited,Active,A ,1.00,INE780C01023,Equity,,,,,
123457,Linde India Limited,LINDEINDIA#,Linde India Limited,Active,A ,10.00,INE473A01011,Equity,,,,,
123610,ITI Limited (Indian Teleph.Ind.Ltd),ITI#,ITI LIMITED,Active,A ,10.00,INE248A01017,Equity,,,,,
123642,PI Industries Limited,PIIND#,PI Industries Limited,Active,A ,1.00,INE603J01030,Equity,,,,,
124000,POONAWALLA FINCORP LIMITED,POONAWALLA#,POONAWALLA FINCORP LIMITED,Active,A ,2.00,INE511C01022,Equity,,,,,
124200,Vinati Organics Ltd.,VINATIORGA#,"Vinati Organics Ltd.,",Active,A ,1.00,INE410B01037,Equity,,,,,
124208,Aarti Industries Ltd,AARTIIND#,Aarti Industries Ltd,Active,A ,5.00,INE769A01020,Equity,,,,,
124404,Marksans Pharma Ltd.,MARKSANS#,MARKSANS,Active,A ,1.00,INE750C01026,Equity,,,,,
124494,Ipca Laboratories Ltd.,IPCALAB#,Ipca Laboratories Ltd.,Active,A ,1.00,INE571A01038,Equity,,,,,
124558,Neuland Laboratories Limited.,NEULANDLAB#,Neuland Laboratories Limited.,Active,A ,10.00,INE794A01010,Equity,,,,,
124715,Sun Pharmaceutical Industries Ltd.,SUNPHARMA#,Sun Pharmaceutical Industries Ltd.,Active,A ,1.00,INE044A01036,Equity,,,,,
124742,Caplin Point Laboratories Ltd.,CAPLIPOINT#,Caplin Point Laboratories Ltd.,Active,A ,2.00,INE475E01026,Equity,,,,,
124804,Aurobindo Pharma Ltd.,AUROPHARMA#,Aurobindo Pharma Ltd.,Active,A ,1.00,INE406A01037,Equity,,,,,
124816,Natco Pharma Ltd.,NATCOPHARM#,Natco Pharma Ltd.,Active,A ,2.00,INE987B01026,Equity,,,,,
126299,Mphasis Limited,MPHASIS#,Mphasis Limited,Active,A ,10.00,INE356A01018,Equity,,,,,
126367,GANESH HOUSING LIMITED,GANESHHOU#,GANESH HOUSING LIMITED,Active,A ,10.00,INE460C01014,Equity,,,,,
126371,NMDC Ltd,NMDC#,NMDC Ltd,Active,A ,1.00,INE584A01023,Equity,,,,,
126612,Blue Dart Express Ltd.,BLUEDART#,BLUE DART EX,Active,A ,10.00,INE233B01017,Equity,,,,,
130005,India Cements Ltd.,INDIACEM#,INDIA CEMENT,Active,A ,10.00,INE383A01012,Equity,,,,,
130007,JK Tyre & Industries Ltd.,JKTYRE#,JK Tyre & Industries Ltd.,Active,A ,2.00,INE573A01042,Equity,,,,,
130019,JUBILANT PHARMOVA LIMITED,JUBLPHARMA#,JUBILANT PHARMOVA LIMITED,Active,A ,1.00,INE700A01033,Equity,,,,,
130343,Genus Power Infrastructures Ltd,GENUSPOWER#,Genus Power Infrastructures Ltd,Active,A ,1.00,INE955D01029,Equity,,,,,
130517,Relaxo Footwears Ltd.,RELAXO#,Relaxo Footwears Ltd.,Active,A ,1.00,INE131B01039,Equity,,,,,
130965,Indian Oil Corporation Ltd.,IOC#,INDIAN OIL C,Active,A ,10.00,INE242A01010,Equity,,,,,
131162,Emami Ltd,EMAMILTD#,Emami Ltd,Active,A ,1.00,INE548C01032,Equity,,,,,
131213,Manappuram Finance Limited,MANAPPURAM#,Manappuram Finance Ltd,Active,A ,2.00,INE522D01027,Equity,,,,,
131335,Zydus Wellness Limited,ZYDUSWELL#,ZYDUS WELL,Active,A ,2.00,INE768C01028,Equity,,,,,
131344,Container Corporation Of India Ltd.,CONCOR#,CONTAIN CORP,Active,A ,5.00,INE111A01025,Equity,,,,,
131358,Choice International Ltd,CHOICEIN#,Choice International Ltd,Active,A ,10.00,INE102B01014,Equity,,,,,
131431,Shakti Pumps (India) Ltd.,SHAKTIPUMP#,Shakti Pumps (India) Ltd.,Active,A ,10.00,INE908D01010,Equity,,,,,
131531,Hatsun Agro Products Ltd.,HATSUN#,Hatsun Agro Products Ltd.,Active,A ,1.00,INE473B01035,Equity,,,,,
131595,Capri Global Capital Limited,CGCL#,Capri Global Capital Limited,Active,A ,1.00,INE180C01042,Equity,,,,,
131642,Marico Limited,MARICO#,Marico Limited,Active,A ,1.00,INE196A01026,Equity,,,,,
131768,Poly Medicure Ltd,POLYMED#,Poly Medicure Ltd,Active,A ,5.00,INE205C01021,Equity,,,,,
132134,Bank Of Baroda,BANKBARODA#,Bank Of Baroda,Active,A ,2.00,INE028A01039,Equity,,,,,
132144,Welspun Corp Limited,WELCORP#,Welspun Corp Limited,Active,A ,5.00,INE191B01025,Equity,,,,,
132149,Bank of India,BANKINDIA#,BANK OF INDI,Active,A ,10.00,INE084A01016,Equity,,,,,
132155,Gail (India) Ltd.,GAIL#,GAIL INDIA,Active,A ,10.00,INE129A01019,Equity,,,,,
132174,ICICI Bank Ltd.,ICICIBANK#,ICICI Bank Ltd.,Active,A ,2.00,INE090A01021,Equity,,,,,
132175,Cyient Limited,CYIENT#,Cyient Limited,Active,A ,5.00,INE136B01020,Equity,,,,,
132178,Engineers India Ltd.,ENGINERSIN#,Engineers India Ltd.,Active,A ,5.00,INE510A01028,Equity,,,,,
132181,Gujarat Mineral Development Corpora,GMDCLTD#,Gujarat Mineral Development Corpora,Active,A ,2.00,INE131A01031,Equity,,,,,
132187,IndusInd Bank Ltd.,INDUSINDBK#,IndusInd Bank Ltd.,Active,A ,10.00,INE095A01012,Equity,,,,,
132209,Jammu and Kashmir Bank Ltd.,J&KBANK#,Jammu and Kashmir Bank Ltd.,Active,A ,1.00,INE168A01041,Equity,,,,,
132210,City Union Bank Ltd,CUB#,City Union Bank Ltd,Active,A ,1.00,INE491A01021,Equity,,,,,
132215,AXIS Bank Ltd.,AXISBANK#,AXIS Bank Ltd.,Active,A ,2.00,INE238A01034,Equity,,,,,
132221,Sonata Software Ltd.,SONATSOFTW#,SONAT SOFTWR,Active,A ,1.00,INE269A01021,Equity,,,,,
132234,National Aluminium Co. Ltd.,NATIONALUM#,"National Aluminium Co. Ltd.,",Active,A ,5.00,INE139A01034,Equity,,,,,
132259,Apar Industries Ltd,APARINDS#,APAR INDUS,Active,A ,10.00,INE372A01015,Equity,,,,,
132281,HCL Technologies Ltd,HCLTECH#,HCL TECHNO,Active,A ,2.00,INE860A01027,Equity,,,,,
132286,JINDAL STEEL LIMITED,JINDALSTEL#,JINDAL STEEL LIMITED,Active,A ,1.00,INE749A01030,Equity,,,,,
132296,Glenmark Pharmaceuticals ltd,GLENMARK#,Glenmark Pharmaceuticals ltd,Active,A ,1.00,INE935A01035,Equity,,,,,
132300,Wockhardt Ltd,WOCKPHARMA#,Wockhardt Ltd,Active,A ,5.00,INE049B01025,Equity,,,,,
132321,Zydus Lifesciences Limited,ZYDUSLIFE#,Zydus Lifesciences Limited,Active,A ,1.00,INE010B01027,Equity,,,,,
132331,Ajanta Pharma Ltd.,AJANTPHARM#,Ajanta Pharma Ltd.,Active,A ,2.00,INE031B01049,Equity,,,,,
132343,TVS Motor Company Ltd.,TVSMOTOR#,TVS MOTOR L,Active,A ,1.00,INE494B01023,Equity,,,,,
132356,Triveni Engineering & Industries Ltd,TRIVENI#,Triveni Engineering & Industries Ltd,Active,A ,1.00,INE256C01024,Equity,,,,,
132371,Tata Teleservices (Maharashtra) Ltd.,TTML#,Tata Teleservices (Maharashtra) Ltd.,Active,A ,10.00,INE517B01013,Equity,,,,,
132388,Indian Overseas Bank,IOB#,INDIAN OVERS,Active,A ,10.00,INE565A01014,Equity,,,,,
132400,BIRLASOFT LIMITED,BSOFT#,BIRLASOFT LIMITED,Active,A ,2.00,INE836A01035,Equity,,,,,
132424,Godrej Consumer Products Ltd.,GODREJCP#,Godrej Consumer Products Ltd.,Active,A ,1.00,INE102D01028,Equity,,,,,
132432,United Spirits Limited,UNITDSPR#,UNITD SPR,Active,A ,2.00,INE854D01024,Equity,,,,,
132439,OLECTRA GREENTECH LIMITED,OLECTRA#,OLECTRA GREENTECH LIMITED,Active,A ,4.00,INE260D01016,Equity,,,,,
132454,Bharti Airtel  Ltd.,BHARTIARTL#,Bharti Airtel  Ltd.,Active,A ,5.00,INE397D01024,Equity,,,,,
132461,Punjab National Bank,PNB#,Punjab National Bank,Active,A ,2.00,INE160A01022,Equity,,,,,
132466,Oracle Financial Services Software Limited,OFSS#,ORACLE FIN,Active,A ,5.00,INE881D01027,Equity,,,,,
132477,Union Bank of India,UNIONBANK#,UNION BANK,Active,A ,10.00,INE692A01016,Equity,,,,,
132478,United Breweries Ltd.,UBL#,United Breweries Ltd.,Active,A ,1.00,INE686F01025,Equity,,,,,
132482,Granules India Ltd.,GRANULES#,Granules India Ltd.,Active,A ,1.00,INE101D01020,Equity,,,,,
132483,Canara Bank,CANBK#,CANARA BANK,Active,A ,2.00,INE476A01022,Equity,,,,,
132488,Divi's Laboratories Ltd.,DIVISLAB#,Divi's Laboratories Ltd.,Active,A ,2.00,INE361B01024,Equity,,,,,
132497,Radico Khaitan Ltd.,RADICO#,Radico Khaitan Ltd.,Active,A ,2.00,INE944F01028,Equity,,,,,
132500,Maruti Suzuki India  Ltd.,MARUTI#,MARUTISUZUKI,Active,A ,5.00,INE585B01010,Equity,,,,,
132504,Navin Fluorine International Limited,NAVINFLUOR#,Navin Fluorent International Ltd,Active,A ,2.00,INE048G01026,Equity,,,,,
132505,UCO Bank,UCOBANK#,UCO BANK,Active,A ,10.00,INE691A01018,Equity,,,,,
132508,Jindal Stainless Limited,JSL#,JSL,Active,A ,2.00,INE220G01021,Equity,,,,,
132514,Indraprashtha Gas Ltd.,IGL#,Indraprashta  Gas Ltd.,Active,A ,2.00,INE203G01027,Equity,,,,,
132522,PETRONET LNG LTD.,PETRONET#,PETRONET LNG,Active,A ,10.00,INE347G01014,Equity,,,,,
132523,Biocon Ltd.,BIOCON#,BIOCON LTD.,Active,A ,5.00,INE376G01013,Equity,,,,,
132525,Bank of maharashtra,MAHABANK#,BANK MAHA,Active,A ,10.00,INE457A01014,Equity,,,,,
132527,ramkrishna forgings Ltd.,RKFORGE#,ramkrishna forgings Ltd.,Active,A ,2.00,INE399G01023,Equity,,,,,
132538,UltraTech Cement Ltd,ULTRACEMCO#,ULTRATECH CM,Active,A ,10.00,INE481G01011,Equity,,,,,
132539,UNO Minda Limited,UNOMINDA#,UNO Minda Limited,Active,A ,2.00,INE405E01023,Equity,,,,,
132540,Tata Consultancy Services Ltd.,TCS#,TCS LTD.,Active,A ,1.00,INE467B01029,Equity,,,,,
132541,COFORGE LIMITED,COFORGE#,COFORGE LIMITED,Active,A ,2.00,INE591G01025,Equity,,,,,
132548,Century Plyboards (India) Ltd.,CENTURYPLY#,CENTURYPLY,Active,A ,1.00,INE348B01021,Equity,,,,,
132555,NTPC Limited,NTPC#,NTPC LTD,Active,A ,10.00,INE733E01010,Equity,,,,,
132605,JBM Auto Limited,JBMA#,JBM Auto Components Ltd.,Active,A ,1.00,INE927D01051,Equity,,,,,
132627,Jaiprakash Power Ventures Limited,JPPOWER#,Jaiprakash Hydro-Power Ltd.,Active,A ,10.00,INE351F01018,Equity,,,,,
132636,IIFL FINANCE LIMITED ,IIFL#,IIFL FINANCE LIMITED,Active,A ,2.00,INE530B01024,Equity,,,,,
132642,JSW Holdings Limited,JSWHL#,JSW Holdings Limited,Active,A ,10.00,INE824G01012,Equity,,,,,
132644,J.K. CEMENT LTD,JKCEMENT#,J.K. CEMENT LTD,Active,A ,10.00,INE823G01014,Equity,,,,,
132648,Yes Bank Ltd.,YESBANK#,Yes Bank Ltd.,Active,A ,2.00,INE528G01035,Equity,,,,,
132667,SUZLON ENERGY LTD.,SUZLON#,SUZLON ENERGY LTD.,Active,A ,2.00,INE040H01021,Equity,,,,,
132683,AIA Engineering Ltd.,AIAENG#,AIA Engineering Ltd.,Active,A ,2.00,INE212H01026,Equity,,,,,
132689,PVR INOX LIMITED,PVRINOX#,PVR INOX LIMITED,Active,A ,10.00,INE191H01014,Equity,,,,,
132702,Gujarat State Petronet Ltd.,GSPL#,Gujarat State Petronet Ltd.,Active,A ,10.00,INE246F01010,Equity,,,,,
132714,KEC International Ltd.,KEC#,KEC International Ltd.,Active,A ,2.00,INE389H01022,Equity,,,,,
132720,Mahindra & Mahindra Financial Services Limited,M&MFIN#,Mahindra & Mahindra Financial Services L,Active,A ,2.00,INE774D01024,Equity,,,,,
132725,Solar Industries India Limited,SOLARINDS#,SOLAR IND,Active,A ,2.00,INE343H01029,Equity,,,,,
132733,SUN TV NETWORK LIMITED,SUNTV#,SUN TV NETWORK LIMITED,Active,A ,5.00,INE424H01027,Equity,,,,,
132734,GODAWARI POWER AND ISPAT LTD.,GPIL#,GODAWARI POWER AND ISPAT LTD.,Active,A ,1.00,INE177H01039,Equity,,,,,
132754,GMR Airports Limited,GMRAIRPORT#,GMR Airports Limited,Active,A ,1.00,INE776C01039,Equity,,,,,
132755,Tech Mahindra Limited,TECHM#,Tech Mahindra Limited,Active,A ,5.00,INE669C01036,Equity,,,,,
132756,CIE Automotive India Limited,CIEINDIA#,CIE Automotive India Limited,Active,A ,10.00,INE536H01010,Equity,,,,,
132757,VOLTAMP TRANSFORMERS LIMITED,VOLTAMP#,VOLTAMP TRANSFORMERS LIMITED,Active,A ,10.00,INE540H01012,Equity,,,,,
132762,Action Construction Equipments Ltd.,ACE#,Action Construction Equipments Ltd.,Active,A ,2.00,INE731H01025,Equity,,,,,
132777,Info Edge(India) Ltd.,NAUKRI#,Info Edge (India) Ltd.,Active,A ,2.00,INE663F01032,Equity,,,,,
132779,TORRENT POWER LIMITED,TORNTPOWER#,TORRENT POWER LIMITED,Active,A ,10.00,INE813H01021,Equity,,,,,
132783,LT Foods Limited,LTFOODS#,DAAWAT,Active,A ,1.00,INE818H01020,Equity,,,,,
132784,Sobha Limited,SOBHA#,Sobha Limited,Active,A ,10.00,INE671H01015,Equity,,,,,
132805,Redington Limited,REDINGTON#,Redington Limited,Active,A ,2.00,INE891D01026,Equity,,,,,
132809,Firstsource Solutions Ltd.,FSL#,Firstsource Solutions Ltd.,Active,A ,10.00,INE684F01012,Equity,,,,,
132810,Power Finance Corporation Ltd,PFC#,Power Finance Corporation Ltd,Active,A ,10.00,INE134E01011,Equity,,,,,
132814,Indian Bank,INDIANB#,Indian Bank,Active,A ,10.00,INE562A01011,Equity,,,,,
132822,VODAFONE IDEA LIMITED,IDEA#,VODAFONE IDEA  LIMITED,Active,A ,10.00,INE669E01016,Equity,,,,,
132827,Page Industries Ltd.,PAGEIND#,Page Industries Ltd.,Active,A ,10.00,INE761H01022,Equity,,,,,
132830,ASTRAL LIMITED,ASTRAL#,ASTRAL LIMITED,Active,A ,1.00,INE006I01046,Equity,,,,,
132843,Fortis Healthcare Ltd,FORTIS#,FORTIS HEALTHCARE LIMITED,Active,A ,10.00,INE061F01013,Equity,,,,,
132856,Time Technoplast Limited,TIMETECHNO#,Time Technoplast Limited,Active,A ,1.00,INE508G01029,Equity,,,,,
132868,DLF LIMITED,DLF#,DLF LIMITED,Active,A ,2.00,INE271C01023,Equity,,,,,
132885,Central Bank of India,CENTRALBK#,Central Bank of India,Active,A ,10.00,INE483A01010,Equity,,,,,
132889,K.P.R. Mill Ltd.,KPRMILL#,K.P.R.MILL LIMITED,Active,A ,1.00,INE930H01031,Equity,,,,,
132892,Motilal Oswal Financial Services Limited,MOTILALOFS#,Motilal Oswal Financial Services Limited,Active,A ,1.00,INE338I01027,Equity,,,,,
132898,POWER GRID CORPORATION OF INDIA LIMITED,POWERGRID#,POWER GRID CORPORATION OF INDIA LIMITED,Active,A ,10.00,INE752E01010,Equity,,,,,
132921,Adani Ports and Special Economic Zone Ltd,ADANIPORTS#,Adani Ports and Special Economic Zone Lt,Active,A ,2.00,INE742F01042,Equity,,,,,
132922,Edelweiss Financial Services Ltd.,EDELWEISS#,Edelweiss Financial Services Ltd.,Active,A ,1.00,INE532F01054,Equity,,,,,
132926,JYOTHY LABS LIMITED,JYOTHYLAB#,JYOTHY LABS LIMITED,Active,A ,1.00,INE668F01031,Equity,,,,,
132927,eClerx Services Limited,ECLERX#,eClerx Services Limited,Active,A ,10.00,INE738I01010,Equity,,,,,
132928,Transformers and Rectifiers (India) Limited,TARIL#,Transformers and Rectifiers (India) Limi,Active,A ,1.00,INE763I01026,Equity,,,,,
132929,Brigade Enterprises Limited,BRIGADE#,Brigade Enterprises Limited,Active,A ,10.00,INE791I01019,Equity,,,,,
132939,Reliance Power Limited,RPOWER#,Reliance Power Limited,Active,A ,10.00,INE614G01033,Equity,,,,,
132947,IRB Infrastructure Developers Limited,IRB#,IRB Infrastructure Developers Limited,Active,A ,1.00,INE821I01022,Equity,,,,,
132953,V-Guard Industries Ltd.,VGUARD#,V-Guard Industries Ltd.,Active,A ,1.00,INE951I01027,Equity,,,,,
132955,REC LIMITED,RECLTD#,REC LIMITED,Active,A ,10.00,INE020B01018,Equity,,,,,
132966,TITAGARH RAIL SYSTEMS LIMITED,TITAGARH#,TITAGARH RAIL SYSTEMS LIMITED,Active,A ,2.00,INE615H01020,Equity,,,,,
132976,Jai Balaji Industries Limited,JAIBALAJI#,Jai Balaji Industries Limited,Active,A ,2.00,INE091G01026,Equity,,,,,
132977,Bajaj Auto Limited,BAJAJ-AUTO#,Bajaj Auto Limited,Active,A ,10.00,INE917I01010,Equity,,,,,
132978,Bajaj Finserv Limited,BAJAJFINSV#,Bajaj Finserv Limited,Active,A ,1.00,INE918I01026,Equity,,,,,
133023,ZF Commercial Vehicle Control Systems India Limited,ZFCVINDIA#,ZF Commercial Vehicle Control Systems India Limited,Active,A ,5.00,INE342J01019,Equity,,,,,
133033,ISGEC Heavy Engineering Limited,ISGEC#,ISGEC Heavy Engineering Limited,Active,B ,1.00,INE858B01029,Equity,,,,,
133096,Adani Power Limited,ADANIPOWER#,Adani Power Limited,Active,A ,2.00,INE814H01029,Equity,,,,,
133098,NHPC Limited,NHPC#,NHPC Limited,Active,A ,10.00,INE848E01016,Equity,,,,,
133106,Oil India Limited,OIL#,Oil India Limited,Active,A ,10.00,INE274J01014,Equity,,,,,
133148,JSW Energy Limited,JSWENERGY#,JSW Energy Limited,Active,A ,10.00,INE121E01018,Equity,,,,,
133150,Godrej Properties Limited,GODREJPROP#,Godrej Properties Limited,Active,A ,5.00,INE484J01027,Equity,,,,,
133155,Jubilant Foodworks Limited,JUBLFOOD#,Jubilant Foodworks Limited,Active,A ,2.00,INE797F01020,Equity,,,,,
133179,Persistent Systems Limited,PERSISTENT#,Persistent Systems Limited,Active,A ,5.00,INE262H01021,Equity,,,,,
133206,SJVN LIMITED,SJVN#,SJVN LIMITED,Active,A ,10.00,INE002L01015,Equity,,,,,
133269,VA Tech Wabag Limited,WABAG#,VA Tech Wabag Limited,Active,A ,2.00,INE956G01038,Equity,,,,,
133272,JUPITER WAGONS LIMITED,JWL#,JUPITER WAGONS LIMITED,Active,A ,10.00,INE209L01016,Equity,,,,,
133273,OBEROI REALTY LIMITED,OBEROIRLTY#,OBEROI REALTY LIMITED,Active,A ,10.00,INE093I01010,Equity,,,,,
133274,Prestige Estates Projects Limited,PRESTIGE#,Prestige Estates Projects Limited,Active,A ,10.00,INE811K01011,Equity,,,,,
133278,Coal India Limited,COALINDIA#,Coal India Limited,Active,A ,10.00,INE522F01014,Equity,,,,,
133282,GRAVITA INDIA LIMITED,GRAVITA#,GRAVITA INDIA LIMITED,Active,A ,2.00,INE024L01027,Equity,,,,,
133293,Kirloskar Oil Engines Limited,KIRLOSENG#,Kirloskar Oil Engines Limited,Active,A ,2.00,INE146L01010,Equity,,,,,
133295,PUNJAB & SIND BANK,PSB#,PUNJAB & SIND BANK,Active,B ,10.00,INE608A01012,Equity,,,,,
133339,Zen Technologies Ltd.,ZENTEC#,Zen Technologies Ltd.,Active,A ,1.00,INE251B01027,Equity,,,,,
133398,MUTHOOT FINANCE LIMITED,MUTHOOTFIN#,MUTHOOT FINANCE LIMITED,Active,A ,10.00,INE414G01012,Equity,,,,,
133519,L&T Finance Limited,LTF#,L&T Finance Limited,Active,A ,10.00,INE498L01015,Equity,,,,,
133573,ALEMBIC PHARMACEUTICALS LIMITED,APLLTD#,ALEMBIC PHARMACEUTICALS LIMITED,Active,A ,2.00,INE901L01018,Equity,,,,,
133581,PG Electroplast Limited,PGEL#,PG Electroplast Limited,Active,A ,1.00,INE457L01029,Equity,,,,,
133655,Triveni Turbine Limited,TRITURBINE#,Triveni Turbine Limited,Active,A ,1.00,INE152M01016,Equity,,,,,
133758,APL Apollo Tubes Limited,APLAPOLLO#,APL Apollo Tubes Limited,Active,A ,2.00,INE702C01027,Equity,,,,,
134076,RHI MAGNESITA INDIA LIMITED,RHIM#,RHI MAGNESITA INDIA LIMITED,Active,A ,1.00,INE743M01012,Equity,,,,,
134139,SCHNEIDER ELECTRIC INFRASTRUCTURE LIMITED,SCHNEIDER#,SCHNEIDER ELECTRIC INFRASTRUCTURE LIMITE,Active,A ,2.00,INE839M01018,Equity,,,,,
134309,NBCC (India) Limited,NBCC#,NBCC (India) Limited,Active,A ,1.00,INE095N01031,Equity,,,,,
134816,INDUS TOWERS LIMITED,INDUSTOWER#,INDUS TOWERS LIMITED,Active,A ,10.00,INE121J01017,Equity,,,,,
135755,Aditya Birla Fashion and Retail Limited,ABFRL#,Aditya Birla Fashion and Retail Limited,Active,A ,10.00,INE647O01011,Equity,,,,,
135789,Sammaan Capital Limited,SAMMAANCAP#,Sammaan Capital Limited,Active,A ,2.00,INE148I01020,Equity,,,,,
138835,INTELLECT DESIGN ARENA LIMITED,INTELLECT#,INTELLECT DESIGN ARENA LIMITED,Active,A ,5.00,INE306R01017,Equity,,,,,
138962,Minda Corporation Limited,MINDACORP#,Minda Corporation Limited,Active,A ,2.00,INE842C01021,Equity,,,,,
139006,PTC Industries Ltd.,PTCIL#,PTC Industries Ltd.,Active,A ,10.00,INE596F01018,Equity,,,,,
139083,Inox Wind Limited,INOXWIND#,Inox Wind Limited,Active,A ,10.00,INE066P01011,Equity,,,,,
139177,Authum Investment & Infrastructure Limited,AIIL#,Authum Investment & Infrastructure Limit,Active,A ,1.00,INE206F01022,Equity,,,,,
139254,Adani Energy Solutions Limited,ADANIENSOL#,Adani Energy Solutions Limited,Active,A ,10.00,INE931S01010,Equity,,,,,
139268,Syngene International Limited,SYNGENE#,Syngene International Limited,Active,A ,10.00,INE398R01022,Equity,,,,,
139336,Gujarat Gas Limited,GUJGASLTD#,Gujarat Gas Limited,Active,A ,2.00,INE844O01030,Equity,,,,,
139437,IDFC FIRST BANK LIMITED,IDFCFIRSTB#,IDFC FIRST BANK LIMITED,Active,A ,10.00,INE092T01019,Equity,,,,,
139448,InterGlobe Aviation Limited,INDIGO#,InterGlobe Aviation Limited,Active,A ,10.00,INE646L01027,Equity,,,,,
139523,Alkem Laboratories Limited,ALKEM#,Alkem Laboratories Limited,Active,A ,2.00,INE540L01014,Equity,,,,,
139524,Dr. Lal Pathlabs Limited,LALPATHLAB#,Dr. Lal Pathlabs Limited,Active,A ,10.00,INE600L01024,Equity,,,,,
139551,Narayana Hrudayalaya Limited,NH#,Narayana Hrudayalaya Limited,Active,A ,10.00,INE410P01011,Equity,,,,,
139876,Crompton Greaves Consumer Electricals Limited,CROMPTON#,Crompton Greaves Consumer Electricals Limited,Active,A ,2.00,INE299U01018,Equity,,,,,
139957,Mahanagar Gas Limited,MGL#,Mahanagar Gas Limited,Active,A ,10.00,INE002S01010,Equity,,,,,
140005,LTIMindtree Limited,LTIM#,LTIMindtree Limited,Active,A ,1.00,INE214T01019,Equity,,,,,
140073,BLS International Services Ltd,BLS#,BLS International Services Ltd,Active,A ,1.00,INE153T01027,Equity,,,,,
140115,L&T Technology Services Limited,LTTS#,L&T Technology Services Limited,Active,A ,2.00,INE010V01017,Equity,,,,,
140133,ICICI Prudential Life Insurance Company Limited,ICICIPRULI#,ICICI Prudential Life Insurance Company Limited,Active,A ,10.00,INE726G01019,Equity,,,,,
140153,Endurance Technologies Limited,ENDURANCE#,Endurance Technologies Limited,Active,A ,10.00,INE913H01037,Equity,,,,,
140173,PNB Housing Finance Limited,PNBHOUSING#,PNB Housing Finance Limited,Active,A ,10.00,INE572E01012,Equity,,,,,
140180,Varun Beverages Limited,VBL#,Varun Beverages Limited,Active,A ,2.00,INE200M01039,Equity,,,,,
140203,Sheela Foam Limited,SFL#,Sheela Foam Limited,Active,A ,5.00,INE916U01025,Equity,,,,,
140222,Laurus Labs Limited,LAURUSLABS#,Laurus Labs Limited,Active,A ,2.00,INE947Q01028,Equity,,,,,
140376,Avenue Supermarts Limited,DMART#,Avenue Supermarts Limited,Active,A ,10.00,INE192R01011,Equity,,,,,
140530,Housing &Urban Development Corporation Ltd.,HUDCO#,Housing &Urban Development Corporation Ltd.,Active,A ,10.00,INE031A01017,Equity,,,,,
140595,Tejas Networks Limited,TEJASNET#,Tejas Networks Limited,Active,A ,10.00,INE010J01012,Equity,,,,,
140596,Eris Lifesciences Limited,ERIS#,Eris Lifesciences Limited,Active,A ,1.00,INE406M01024,Equity,,,,,
140611,AU Small Finance Bank Limited,AUBANK#,AU Small Finance Bank Limited,Active,A ,10.00,INE949L01017,Equity,,,,,
140678,Cochin Shipyard Limited,COCHINSHIP#,Cochin Shipyard Limited,Active,A ,5.00,INE704P01025,Equity,,,,,
140680,KIOCL Limited,KIOCL#,KIOCL Limited,Active,A ,10.00,INE880L01014,Equity,,,,,
140691,Aditya Birla Capital Ltd,ABCAPITAL#,Aditya Birla Capital Ltd,Active,A ,10.00,INE674K01013,Equity,,,,,
140699,Dixon Technologies (India) Limited,DIXON#,Dixon Technologies (India) Limited,Active,A ,2.00,INE935N01020,Equity,,,,,
140716,ICICI Lombard General Insurance Company Limited ,ICICIGI#,ICICI Lombard General Insurance Company Limited,Active,A ,10.00,INE765G01017,Equity,,,,,
140719,SBI Life Insurance Company Limited,SBILIFE#,SBI Life Insurance Company Limited,Active,A ,10.00,INE123W01016,Equity,,,,,
140743,Godrej Agrovet Limited,GODREJAGRO#,Godrej Agrovet Limited,Active,A ,10.00,INE850D01014,Equity,,,,,
140750,Indian Energy Exchange Limited,IEX#,Indian Energy Exchange Limited,Active,A ,1.00,INE022Q01020,Equity,,,,,
140755,General Insurance Corporation of India,GICRE#,General Insurance Corporation of India,Active,A ,5.00,INE481Y01014,Equity,,,,,
140762,Tube Investments of India Ltd,TIINDIA#,Tube Investments of India Ltd,Active,A ,1.00,INE974X01010,Equity,,,,,
140767,NIPPON LIFE INDIA ASSET MANAGEMENT LIMITED,NAM-INDIA#,NIPPON LIFE INDIA ASSET MANAGEMENT LIMITED,Active,A ,10.00,INE298J01013,Equity,,,,,
140769,The New India Assurance Company Limited,NIACL#,The New India Assurance Company Limited,Active,A ,5.00,INE470Y01017,Equity,,,,,
140777,HDFC LIFE INSURANCE COMPANY LIMITED,HDFCLIFE#,HDFC LIFE INSURANCE COMPANY LIMITED,Active,A ,10.00,INE795G01014,Equity,,,,,
140900,Newgen Software Technologies Limited,NEWGEN#,Newgen Software Technologies Limited,Active,A ,10.00,INE619B01017,Equity,,,,,
140902,Amber Enterprises India Limited,AMBER#,Amber Enterprises India Limited,Active,A ,10.00,INE371P01015,Equity,,,,,
140975,Aster DM Healthcare Limited,ASTERDM#,Aster DM Healthcare Limited,Active,A ,10.00,INE914M01019,Equity,,,,,
141019,H.G. Infra Engineering Limited,HGINFRA#,H.G. Infra Engineering Limited,Active,A ,10.00,INE926X01010,Equity,,,,,
141143,Bharat Dynamics Limited,BDL#,Bharat Dynamics Limited,Active,A ,5.00,INE171Z01026,Equity,,,,,
141153,Bandhan Bank Limited,BANDHANBNK#,Bandhan Bank Limited,Active,A ,10.00,INE545U01014,Equity,,,,,
141154,Hindustan Aeronautics Limited,HAL#,Hindustan Aeronautics Limited,Active,A ,5.00,INE066F01020,Equity,,,,,
141233,Lemon Tree Hotels Limited,LEMONTREE#,Lemon Tree Hotels Limited,Active,A ,10.00,INE970X01018,Equity,,,,,
141450,Adani Green Energy Limited,ADANIGREEN#,Adani Green Energy Limited,Active,A ,10.00,INE364U01010,Equity,,,,,
141556,RITES Limited,RITES#,RITES Limited,Active,A ,10.00,INE320J01015,Equity,,,,,
141557,Fine Organic Industries Limited,FINEORG#,Fine Organic Industries Limited,Active,A ,5.00,INE686Y01026,Equity,,,,,
141729,HDFC Asset Management Company Limited,HDFCAMC#,HDFC Asset Management Company Limited,Active,A ,5.00,INE127D01025,Equity,,,,,
141770,CreditAccess Grameen Ltd.,CREDITACC#,CreditAccess Grameen Ltd.,Active,A ,10.00,INE741K01010,Equity,,,,,
141956,IRCON International Ltd,IRCON#,IRCON International Ltd,Active,A ,2.00,INE962Y01021,Equity,,,,,
141988,AAVAS Financiers Limited,AAVAS#,AAVAS Financiers Limited,Active,A ,10.00,INE216P01012,Equity,,,,,
142011,Garden Reach Shipbuilders & Engineers Limited,GRSE#,Garden Reach Shipbuilders & Engineers Limited,Active,A ,10.00,INE382Z01011,Equity,,,,,
142066,ADANI TOTAL GAS LIMITED,ATGL#,ADANI TOTAL GAS LIMITED,Active,A ,1.00,INE399L01023,Equity,,,,,
142141,Techno Electric & Engineering Company Limited,TECHNOE#,Techno Electric & Engineering Company Limited,Active,A ,2.00,INE285K01026,Equity,,,,,
142216,DALMIA BHARAT LIMITED,DALBHARAT#,DALMIA BHARAT LIMITED,Active,A ,2.00,INE00R701025,Equity,,,,,
142323,KPI Green Energy Limited,KPIGREEN#,KPI Green Energy Limited,Active,A ,5.00,INE542W01025,Equity,,,,,
142399,Chalet Hotels Limited,CHALET#,Chalet Hotels Limited,Active,A ,10.00,INE427F01016,Equity,,,,,
142649,Rail Vikas Nigam Limited,RVNL#,Rail Vikas Nigam Limited,Active,A ,10.00,INE415G01027,Equity,,,,,
142650,Metropolis Healthcare Limited,METROPOLIS#,Metropolis Healthcare Limited,Active,A ,2.00,INE112L01020,Equity,,,,,
142651,KPIT Technologies Ltd,KPITTECH#,KPIT Technologies Ltd,Active,A ,10.00,INE04I401011,Equity,,,,,
142652,Polycab India Limited,POLYCAB#,Polycab India Limited,Active,A ,10.00,INE455K01017,Equity,,,,,
142726,IndiaMART InterMESH Limited,INDIAMART#,IndiaMART InterMESH Limited,Active,A ,10.00,INE933S01016,Equity,,,,,
142752,AFFLE 3I LIMITED,AFFLE#,AFFLE 3I LIMITED,Active,A ,2.00,INE00WC01027,Equity,,,,,
142760,STERLING AND WILSON RENEWABLE ENERGY LIMITED,SWSOLAR#,STERLING AND WILSON RENEWABLE ENERGY LIMI,Active,A ,1.00,INE00M201021,Equity,,,,,
142772,360 ONE WAM LIMITED,360ONE#,360 ONE WAM LIMITED,Active,A ,1.00,INE466L01038,Equity,,,,,
142773,IIFL CAPITAL SERVICES LIMITED,IIFLCAPS#,IIFL CAPITAL SERVICES LIMITED,Active,A ,2.00,INE489L01022,Equity,,,,,
142812,Gujarat Fluorochemicals Limited,FLUOROCHEM#,Gujarat Fluorochemicals Limited,Active,A ,1.00,INE09N301011,Equity,,,,,
142830,Indian Railway Catering & Tourism Corporation Ltd,IRCTC#,Indian Railway Catering & Tourism Corporation Ltd,Active,A ,2.00,INE335Y01020,Equity,,,,,
142920,SUMITOMO CHEMICAL INDIA LIMITED,SUMICHEM#,SUMITOMO CHEMICAL INDIA LIMITED,Active,A ,10.00,INE258G01013,Equity,,,,,
143064,Cohance Lifesciences Limited,COHANCE#,Cohance Lifesciences Limited,Active,A ,1.00,INE03QK01018,Equity,,,,,
143066,SBI CARDS AND PAYMENT SERVICES LIMITED,SBICARD#,SBI CARDS AND PAYMENT SERVICES LIMITED,Active,A ,10.00,INE018E01016,Equity,,,,,
143187,HITACHI ENERGY INDIA LIMITED,POWERINDIA#,HITACHI ENERGY INDIA LIMITED,Active,A ,2.00,INE07Y701011,Equity,,,,,
143220,Max Healthcare Institute Limited,MAXHEALTH#,Max Healthcare Institute Limited,Active,A ,10.00,INE027H01010,Equity,,,,,
143227,Happiest Minds Technologies Limited,HAPPSTMNDS#,Happiest Minds Technologies Limited,Active,A ,2.00,INE419U01012,Equity,,,,,
143232,Computer Age Management Services Limited,CAMS#,Computer Age Management Services Limited,Active,A ,2.00,INE596I01020,Equity,,,,,
143235,ANGEL ONE LIMITED,ANGELONE#,ANGEL ONE LIMITED,Active,A ,10.00,INE732I01013,Equity,,,,,
143237,Mazagon Dock Shipbuilders Limited,MAZDOCK#,Mazagon Dock Shipbuilders Limited,Active,A ,5.00,INE249Z01020,Equity,,,,,
143238,UTI Asset Management Company Limited,UTIAMC#,UTI Asset Management Company Limited,Active,A ,10.00,INE094J01016,Equity,,,,,
143245, Gland Pharma Limited,GLAND#,Gland Pharma Limited,Active,A ,1.00,INE068V01023,Equity,,,,,
143253,Mrs. Bectors Food Specialities Limited,BECTORFOOD#,Mrs. Bectors Food Specialities Limited,Active,A ,2.00,INE495P01020,Equity,,,,,
143257,Indian Railway Finance Corporation,IRFC#,Indian Railway Finance Corporation,Active,A ,10.00,INE053F01010,Equity,,,,,
143265,RailTel Corporation of India Limited,RAILTEL#,RailTel Corporation of India Limited,Active,A ,10.00,INE0DD101019,Equity,,,,,
143271,Jubilant Ingrevia Limited,JUBLINGREA#,Jubilant Ingrevia Limited,Active,A ,1.00,INE0BY001018,Equity,,,,,
143276,Craftsman Automation Limited,CRAFTSMAN#,Craftsman Automation Limited,Active,A ,5.00,INE00LO01017,Equity,,,,,
143278,Kalyan Jewellers India Limited,KALYANKJIL#,Kalyan Jewellers India Limited,Active,A ,10.00,INE303R01014,Equity,,,,,
143287,Lodha Developers Limited,LODHA#,Lodha Developers Limited,Active,A ,10.00,INE670K01029,Equity,,,,,
143299,Shyam Metalics and Energy Limited,SHYAMMETL#,Shyam Metalics and Energy Limited,Active,A ,10.00,INE810G01011,Equity,,,,,
143300,Sona BLW Precision Forgings Limited,SONACOMS#,Sona BLW Precision Forgings Limited,Active,A ,10.00,INE073K01018,Equity,,,,,
143308,Krishna Institute of Medical Sciences Limited,KIMS#,Krishna Institute of Medical Sciences Limited,Active,A ,2.00,INE967H01025,Equity,,,,,
143317,G R Infraprojects Limited,GRINFRA#,G R Infraprojects Limited,Active,A ,5.00,INE201P01022,Equity,,,,,
143318,Clean Science and Technology Limited,CLEAN#,Clean Science and Technology Limited,Active,A ,1.00,INE227W01023,Equity,,,,,
143320,Eternal Limited,ETERNAL#,Eternal Limited,Active,A ,1.00,INE758T01015,Equity,,,,,
143322,ALIVUS LIFE SCIENCES LIMITED,ALIVUS#,ALIVUS LIFE SCIENCES LIMITED,Active,A ,2.00,INE03Q201024,Equity,,,,,
143330,Devyani International Limited,DEVYANI#,Devyani International Limited,Active,A ,1.00,INE872J01023,Equity,,,,,
143334,Nuvoco Vistas Corporation Limited,NUVOCO#,Nuvoco Vistas Corporation Limited,Active,A ,10.00,INE118D01016,Equity,,,,,
143335,Aptus Value Housing Finance India Limited,APTUS#,Aptus Value Housing Finance India Limited,Active,A ,2.00,INE852O01025,Equity,,,,,
143350,Vijaya Diagnostic Centre Limited,VIJAYA#,Vijaya Diagnostic Centre Limited,Active,A ,1.00,INE043W01024,Equity,,,,,
143374,Aditya Birla Sun Life AMC Limited,ABSLAMC#,Aditya Birla Sun Life AMC Limited,Active,A ,5.00,INE404A01024,Equity,,,,,
143384,FSN E-Commerce Ventures Limited,NYKAA#,FSN E-Commerce Ventures Limited,Active,A ,1.00,INE388Y01029,Equity,,,,,
143390,PB Fintech Limited,POLICYBZR#,PB Fintech Limited,Active,A ,2.00,INE417T01026,Equity,,,,,
143396,One 97 Communications Limited,PAYTM#,One 97 Communications Limited,Active,A ,1.00,INE982J01020,Equity,,,,,
143397,Sapphire Foods India Limited,SAPPHIRE#,Sapphire Foods India Limited,Active,A ,2.00,INE806T01020,Equity,,,,,
143398,Latent View Analytics Limited,LATENTVIEW#,Latent View Analytics Limited,Active,A ,1.00,INE0I7C01011,Equity,,,,,
143412,Star Health and Allied Insurance Company Limited,STARHEALTH#,Star Health and Allied Insurance Company Limited,Active,A ,10.00,INE575P01011,Equity,,,,,
143413,Tega Industries Limited,TEGA#,Tega Industries Limited,Active,A ,10.00,INE011K01018,Equity,,,,,
143415,Anand Rathi Wealth Limited,ANANDRATHI#,Anand Rathi Wealth Limited,Active,A ,5.00,INE463V01026,Equity,,,,,
143426,Metro Brands Limited,METROBRAND#,Metro Brands Limited,Active,A ,5.00,INE317I01021,Equity,,,,,
143427,Medplus Health Services Limited,MEDPLUS#,Medplus Health Services Limited,Active,A ,2.00,INE804L01022,Equity,,,,,
143428,Data Patterns (India) Limited,DATAPATTNS#,Data Patterns (India) Limited,Active,A ,2.00,INE0IX101010,Equity,,,,,
143458,AWL AGRI BUSINESS LIMITED,AWL#,AWL AGRI BUSINESS LIMITED,Active,A ,1.00,INE699H01024,Equity,,,,,
143463,Vedant Fashions Limited,MANYAVAR#,Vedant Fashions Limited,Active,A ,1.00,INE825V01034,Equity,,,,,
143482,Eureka Forbes Limited,EUREKAFORB#,Eureka Forbes Limited,Active,A ,10.00,INE0KCE01017,Equity,,,,,
143498,Motherson Sumi Wiring India Limited,MSUMI#,Motherson Sumi Wiring India Limited,Active,A ,1.00,INE0FS801015,Equity,,,,,
143524,Rainbow Children's Medicare Limited,RAINBOW#,Rainbow Children's Medicare Limited,Active,A ,10.00,INE961O01016,Equity,,,,,
143526,LIFE INSURANCE CORPORATION OF INDIA,LICI#,LIFE INSURANCE CORPORATION OF INDIA,Active,A ,10.00,INE0J1Y01017,Equity,,,,,
143527,Prudent Corporate Advisory Services Limited,PRUDENT#,Prudent Corporate Advisory Services Limited,Active,A ,5.00,INE00F201020,Equity,,,,,
143529,Delhivery Limited,DELHIVERY#,Delhivery Limited,Active,A ,1.00,INE148O01028,Equity,,,,,
143534,Aether Industries Limited,AETHER#,Aether Industries Limited,Active,A ,10.00,INE0BWX01014,Equity,,,,,
143573,Syrma SGS Technology Limited,SYRMA#,Syrma SGS Technology Limited,Active,A ,10.00,INE0DYJ01015,Equity,,,,,
143635,PIRAMAL PHARMA LIMITED,PPLPHARMA#,PIRAMAL PHARMA LIMITED,Active,A ,10.00,INE0DK501011,Equity,,,,,
143653,Bikaji Foods International Limited,BIKAJI#,Bikaji Foods International Limited,Active,A ,1.00,INE00E101023,Equity,,,,,
143654,Global Health Limited,MEDANTA#,Global Health Limited,Active,A ,2.00,INE474Q01031,Equity,,,,,
143663,Five-Star Business Finance Ltd.,FIVESTAR#,Five-Star Business Finance Ltd.,Active,A ,1.00,INE128S01021,Equity,,,,,
143664,KAYNES TECHNOLOGY INDIA LIMITED,KAYNES#,KAYNES TECHNOLOGY INDIA LIMITED,Active,A ,10.00,INE918Z01012,Equity,,,,,
143720,KFin Technologies Limited,KFINTECH#,KFin Technologies Limited,Active,A ,10.00,INE138Y01010,Equity,,,,,
143768,NMDC Steel Limited,NSLNISP#,NMDC Steel Limited,Active,A ,10.00,INE0NNS01018,Equity,,,,,
143904,Mankind Pharma Limited,MANKIND#,Mankind Pharma Limited,Active,A ,1.00,INE634S01028,Equity,,,,,
143940,Jio Financial Services Limited,JIOFIN#,Jio Financial Services Limited,Active,A ,10.00,INE758E01017,Equity,,,,,
143945,NETWEB TECHNOLOGIES INDIA LIMITED,NETWEB#,NETWEB TECHNOLOGIES INDIA LIMITED,Active,A ,2.00,INE0NT901020,Equity,,,,,
143957,REDTAPE Limited,REDTAPE#,REDTAPE Limited,Active,B ,2.00,INE0LXT01019,Equity,,,,,
143960,Concord Biotech Limited,CONCORDBIO#,Concord Biotech Limited,Active,A ,1.00,INE338H01029,Equity,,,,,
143980,Jupiter Life Line Hospitals Limited,JLHL#,Jupiter Life Line Hospitals Limited,Active,A ,10.00,INE682M01012,Equity,,,,,
143981,R R KABEL LIMITED,RRKABEL#,R R KABEL LIMITED,Active,A ,5.00,INE777K01022,Equity,,,,,
143988,Nuvama Wealth Management Limited,NUVAMA#,Nuvama Wealth Management Limited,Active,A ,2.00,INE531F01023,Equity,,,,,
143990,SIGNATUREGLOBAL (INDIA) LIMITED,SIGNATURE#,SIGNATUREGLOBAL (INDIA) LIMITED,Active,A ,1.00,INE903U01023,Equity,,,,,
143994,JSW Infrastructure Limited,JSWINFRA#,JSW Infrastructure Limited,Active,A ,2.00,INE880J01026,Equity,,,,,
144012,Cello World Limited,CELLO#,Cello World Limited,Active,A ,5.00,INE0LMW01024,Equity,,,,,
144026,Indian Renewable Energy Development Agency Limited,IREDA#,Indian Renewable Energy Development Agency Limited,Active,A ,10.00,INE202E01016,Equity,,,,,
144028,Tata Technologies Limited,TATATECH#,Tata Technologies Limited,Active,A ,2.00,INE142M01025,Equity,,,,,
144045,DOMS Industries Limited,DOMS#,DOMS Industries Limited,Active,A ,10.00,INE321T01012,Equity,,,,,
144046,INOX India Limited,INOXINDIA#,INOX India Limited,Active,A ,2.00,INE616N01034,Equity,,,,,
144061,Azad Engineering Limited,AZAD#,Azad Engineering Limited,Active,A ,2.00,INE02IJ01035,Equity,,,,,
144081,Jyoti CNC Automation Limited,JYOTICNC#,Jyoti CNC Automation Limited,Active,A ,2.00,INE980O01024,Equity,,,,,
144162,Bharti Hexacom Limited,BHARTIHEXA#,Bharti Hexacom Limited,Active,A ,5.00,INE343G01021,Equity,,,,,
144172,Indegene Limited,INDGN#,Indegene Limited,Active,A ,2.00,INE065X01017,Equity,,,,,
144174,TBO TEK LIMITED,TBOTEK#,TBO TEK LIMITED,Active,A ,1.00,INE673O01025,Equity,,,,,
144176,Aadhar Housing Finance Limited,AADHARHFC#,Aadhar Housing Finance Limited,Active,A ,10.00,INE883F01010,Equity,,,,,
144179,Go Digit General Insurance Limited,GODIGIT#,Go Digit General Insurance Limited,Active,A ,10.00,INE03JT01014,Equity,,,,,
144203,Allied Blenders and Distillers Limited,ABDL#,Allied Blenders and Distillers Limited,Active,A ,2.00,INE552Z01027,Equity,,,,,
144210,Emcure Pharmaceuticals Limited,EMCURE#,Emcure Pharmaceuticals Limited,Active,A ,10.00,INE168P01015,Equity,,,,,
144222,Akums Drugs and Pharmaceuticals Limited,AKUMS#,Akums Drugs and Pharmaceuticals Limited,Active,B ,2.00,INE09XN01023,Equity,,,,,
144225,Ola Electric Mobility Limited,OLAELEC#,Ola Electric Mobility Limited,Active,A ,10.00,INE0LXG01040,Equity,,,,,
144226,Brainbees Solutions Limited,FIRSTCRY#,Brainbees Solutions Limited,Active,A ,2.00,INE02RE01045,Equity,,,,,
144238,Premier Energies Limited,PREMIERENE#,Premier Energies Limited,Active,A ,1.00,INE0BS701011,Equity,,,,,
144240,Raymond Lifestyle Limited,RAYMONDLSL#,Raymond Lifestyle Limited,Active,A ,2.00,INE02ID01020,Equity,,,,,
144250,Sanofi Consumer Healthcare India Limited,SANOFICONR#,Sanofi Consumer Healthcare India Limited,Active,A ,10.00,INE0UOS01011,Equity,,,,,
144252,Bajaj Housing Finance Limited,BAJAJHFL#,Bajaj Housing Finance Limited,Active,A ,10.00,INE377Y01014,Equity,,,,,
144274,HYUNDAI MOTOR INDIA LIMITED,HYUNDAI#,HYUNDAI MOTOR INDIA LIMITED,Active,A ,10.00,INE0V6F01027,Equity,,,,,
144277,Waaree Energies Limited,WAAREEENER#,Waaree Energies Limited,Active,B ,10.00,INE377N01017,Equity,,,,,
144280,Afcons Infrastructure Limited,AFCONS#,Afcons Infrastructure Limited,Active,B ,10.00,INE101I01011,Equity,,,,,
144282,Sagility Limited,SAGILITY#,Sagility Limited,Active,B ,10.00,INE0W2G01015,Equity,,,,,
144283,ACME Solar Holdings Limited,ACMESOLAR#,ACME Solar Holdings Limited,Active,B ,2.00,INE622W01025,Equity,,,,,
144285,SWIGGY LIMITED,SWIGGY#,SWIGGY LIMITED,Active,B ,1.00,INE00H001014,Equity,,,,,
144286,NIVA BUPA HEALTH INSURANCE COMPANY LIMITED,NIVABUPA#,NIVA BUPA HEALTH INSURANCE COMPANY LIMITED,Active,B ,10.00,INE995S01015,Equity,,,,,
144289,NTPC GREEN ENERGY LIMITED,NTPCGREEN#,NTPC GREEN ENERGY LIMITED,Active,B ,10.00,INE0ONG01011,Equity,,,,,
144306,Sai Life Sciences Limited,SAILIFE#,Sai Life Sciences Limited,Active,B ,1.00,INE570L01029,Equity,,,,,
144307,Vishal Mega Mart Limited,VMM#,Vishal Mega Mart Limited,Active,B ,10.00,INE01EA01019,Equity,,,,,
144309,INVENTURUS KNOWLEDGE SOLUTIONS LIMITED,IKS#,INVENTURUS KNOWLEDGE SOLUTIONS LIMITED,Active,B ,1.00,INE115Q01022,Equity,,,,,
144311,International Gemmological Institute India Limited,IGIL#,International Gemmological Institute India Limited,Active,B ,2.00,INE0Q9301021,Equity,,,,,
144321,Ventive Hospitality Limited,VENTIVE#,Ventive Hospitality Limited,Active,B ,1.00,INE781S01027,Equity,,,,,
